chunk_id	layer	section	para	seq	class	raw_text	book	chapter	verses	target	confidence	resolution	carried_from	divergence_id	pair_confidence	witness_target	divergence_class	divergence_why
ddc-1-29	la	la	{¶2}	0	BOOK CH V	Matt. iii. 12.	Matt	3	12	Matt 3:12	high	book-named				Matt 3:12		
ddc-1-29	la	la	{¶2}	1	— CH V-LIST	et xiii. 24, 25.	Matt	13	24,25	Matt 13:24,25	carried	book-carried	ddc-1-29:la:{¶2}:0			Matt 13:24,25		
ddc-1-29	la	la	{¶2}	2	— — V	et v. 47.	Matt	13	47	Matt 13:47	cross-layer	et-v-settled-by-english-layer	ddc-1-29:la:{¶2}:1			Matt 13:47		
ddc-1-29	la	la	{¶2}	3	— CH V-LIST	cap. xxii. 9, 10.	Matt	22	9,10	Matt 22:9,10	carried	book-carried	ddc-1-29:la:{¶2}:2			Matt 22:9,10		
ddc-1-29	la	la	{¶2}	4	— CH V-LIST	et xxv. 1, 2.	Matt	25	1,2	Matt 25:1,2	carried	book-carried	ddc-1-29:la:{¶2}:3			Matt 25:1,2		
ddc-1-29	la	la	{¶2}	5	BOOK CH V	1 Joan. ii. 19.	1John	2	19	1John 2:19	high	book-named				1John 2:19		
ddc-1-29	la	la	{¶3}	0	BOOK CH V-LIST	Matt. xxviii. 19, 20.	Matt	28	19,20	Matt 28:19,20	high	book-named				Matt 28:19,20		
ddc-1-29	la	la	{¶3}	1	BOOK CH V	Act. ii. 42.	Acts	2	42	Acts 2:42	high	book-named				Acts 2:42		
ddc-1-29	la	la	{¶3}	2	BOOK CH V	1 Tim. iii. 15.	1Tim	3	15	1Tim 3:15	high	book-named				1Tim 3:15		
ddc-1-29	la	la	{¶3}	3	BOOK CH V	Rom. ix. 4.	Rom	9	4	Rom 9:4	high	book-named				Rom 9:4		
ddc-1-29	la	la	{¶3}	4	BOOK CH V	Eph. ii. 12.	Eph	2	12	Eph 2:12	high	book-named				Eph 2:12		
ddc-1-29	la	la	{¶4}	0	BOOK CH V-LIST	Marc. xvi. 16, 17, 18.	Mark	16	16,17,18	Mark 16:16,17,18	high	book-named		d1	plausible	Mark 16:17,18	unchecked	no J–T division read for this chapter
ddc-1-29	la	la	{¶4}	1	BOOK CH V	Deut. xxxi. 13.	Deut	31	13	Deut 31:13	high	book-named				Deut 31:13		
ddc-1-29	la	la	{¶4}	2	BOOK CH V	1 Cor. xiv. 22.	1Cor	14	22	1Cor 14:22	high	book-named				1Cor 14:22		
ddc-1-29	la	la	{¶4}	3	BOOK CH V	1 Cor. xiii. 8.	1Cor	13	8	1Cor 13:8	high	book-named				1Cor 13:8		
ddc-1-29	la	la	{¶4}	4	BOOK CH V-LIST	Deut. xiii. 1, 2, 3.	Deut	13	1,2,3	Deut 13:1,2,3	high	book-named		d2	plausible	Deut 13:1,2,3		
ddc-1-29	la	la	{¶4}	5	BOOK CH V-LIST	Matt. vii. 22, 23.	Matt	7	22,23	Matt 7:22,23	high	book-named				Matt 7:22,23		
ddc-1-29	la	la	{¶4}	6	— CH V	et xxiv. 24.	Matt	24	24	Matt 24:24	carried	book-carried	ddc-1-29:la:{¶4}:5			Matt 24:24		
ddc-1-29	la	la	{¶4}	7	BOOK CH V	Gal. i. 8.	Gal	1	8	Gal 1:8	high	book-named				Gal 1:8		
ddc-1-29	la	la	{¶4}	8	BOOK CH V	2 Thess. ii. 9.	2Thess	2	9	2Thess 2:9	high	book-named				2Thess 2:9		
ddc-1-29	la	la	{¶4}	9	BOOK CH V	Apoc. xiii. 13.	Rev	13	13	Rev 13:13	high	book-named				Rev 13:13		
ddc-1-29	la	la	{¶5}	0	BOOK CH V	Joan. x. 41.	John	10	41	John 10:41	high	book-named				John 10:41		
ddc-1-29	la	la	{¶5}	1	BOOK CH V	Matt. xvii. 16.	Matt	17	16	Matt 17:16	high	book-named				Matt 17:16		
ddc-1-29	la	la	{¶5}	2	BOOK CH V	2 Tim. iv. 20.	2Tim	4	20	2Tim 4:20	high	book-named				2Tim 4:20		
ddc-1-29	la	la	{¶6}	0	BOOK CH V-LIST	Deut. xxix. 2, 3, 4.	Deut	29	2,3,4	Deut 29:2,3,4	high	book-named		d3	plausible	Deut 29:2,3,4		
ddc-1-29	la	la	{¶6}	1	BOOK CH V+&c	Psal. lxxviii. 11, &c.	Ps	78	11	Ps 78:11 &c.	high	book-named		d4	plausible	Ps 78:11	open-end	same verse; one layer prints Milton's open `&c.` and the other does not
ddc-1-29	la	la	{¶6}	2	— — V	et v. 32.	Ps	78	32	Ps 78:32	carried	et-v-read-as-verse	ddc-1-29:la:{¶6}:1			Ps 78:32		
ddc-1-29	la	la	{¶6}	3	BOOK CH V	Luc. xvi. 31.	Luke	16	31	Luke 16:31	high	book-named				Luke 16:31		
ddc-1-29	la	la	{¶6}	4	BOOK CH V-LIST	Act. iv. 16, 17.	Acts	4	16,17	Acts 4:16,17	high	book-named				Acts 4:16,17		
ddc-1-29	la	la	{¶7}	0	BOOK CH V	Joan. xx. 29.	John	20	29	John 20:29	high	book-named				John 20:29		
ddc-1-29	la	la	{¶7}	1	BOOK CH V+&c	Matt. xii. 39, &c.	Matt	12	39	Matt 12:39 &c.	high	book-named				Matt 12:39 &c.		
ddc-1-29	la	la	{¶7}	2	BOOK CH V	Luc. x. 20.	Luke	10	20	Luke 10:20	high	book-named				Luke 10:20		
ddc-1-29	la	la	{¶8}	0	BOOK CH V	Joan. xiii. 35.	John	13	35	John 13:35	high	book-named				John 13:35		
ddc-1-29	la	la	{¶8}	1	BOOK CH V	1 Cor. xii. 31.	1Cor	12	31	1Cor 12:31	high	book-named				1Cor 12:31		
ddc-1-29	la	la	{¶8}	2	— CH V+&c	et xiii. 1, &c.	1Cor	13	1	1Cor 13:1 &c.	carried	book-carried	ddc-1-29:la:{¶8}:1			1Cor 13:1 &c.		
ddc-1-29	la	la	{¶8}	3	— — V	et v. 8.	1Cor	13	8	1Cor 13:8	cross-layer	et-v-settled-by-english-layer	ddc-1-29:la:{¶8}:2			1Cor 13:8		
ddc-1-29	la	la	{¶8}	4	— — V	et v. 13.	1Cor	13	13	1Cor 13:13	cross-layer	et-v-settled-by-english-layer	ddc-1-29:la:{¶8}:3			1Cor 13:13		
ddc-1-29	la	la	{¶9}	0	BOOK CH V	Matt. xviii. 20.	Matt	18	20	Matt 18:20	high	book-named				Matt 18:20		
ddc-1-29	la	la	{¶9}	1	— CH V	et xxviii. 20.	Matt	28	20	Matt 28:20	carried	book-carried	ddc-1-29:la:{¶9}:0			Matt 28:20		
ddc-1-29	la	la	{¶9}	2	BOOK CH V	1 Cor. v. 4.	1Cor	5	4	1Cor 5:4	high	book-named				1Cor 5:4		
ddc-1-29	la	la	{¶9}	3	BOOK CH V	Heb. iii. 6.	Heb	3	6	Heb 3:6	high	book-named				Heb 3:6		
ddc-1-29	la	la	{¶9}	4	BOOK CH V	Apoc. ii. 1.	Rev	2	1	Rev 2:1	high	book-named				Rev 2:1		
ddc-1-29	la	la	{¶11}	0	BOOK CH V	Matt. x. 1.	Matt	10	1	Matt 10:1	high	book-named				Matt 10:1		
ddc-1-29	la	la	{¶11}	1	BOOK CH V-LIST	Joan. xx. 21, 22.	John	20	21,22	John 20:21,22	high	book-named				John 20:21,22		
ddc-1-29	la	la	{¶11}	2	BOOK CH V-LIST	Act. xv. 2, 6, 7, 19, 23, 25.	Acts	15	2,6,7,19,23,25	Acts 15:2,6,7,19,23,25	high	book-named				Acts 15:2,6,7,19,23,25		
ddc-1-29	la	la	{¶11}	3	BOOK CH V	Gal. ii. 11.	Gal	2	11	Gal 2:11	high	book-named				Gal 2:11		
ddc-1-29	la	la	{¶11}	4	BOOK CH V	1 Pet. v. 1.	1Pet	5	1	1Pet 5:1	high	book-named				1Pet 5:1		
ddc-1-29	la	la	{¶11}	5	BOOK CH V	Matt. xix. 28.	Matt	19	28	Matt 19:28	high	book-named				Matt 19:28		
ddc-1-29	la	la	{¶11}	6	BOOK CH V	Gal. ii. 9.	Gal	2	9	Gal 2:9	high	book-named				Gal 2:9		
ddc-1-29	la	la	{¶11}	7	— — V-LIST	v. 8, 9.	Gal	2	8,9	Gal 2:8,9	carried	book-and-chapter-carried	ddc-1-29:la:{¶11}:6			Gal 2:8,9		
ddc-1-29	la	la	{¶11}	8	BOOK CH V	2 Cor. xi. 5.	2Cor	11	5	2Cor 11:5	high	book-named				2Cor 11:5		
ddc-1-29	la	la	{¶11}	9	BOOK CH V	Act. viii. 14.	Acts	8	14	Acts 8:14	high	book-named				Acts 8:14		
ddc-1-29	la	la	{¶11}	10	— CH V	cap. xi. 2.	Acts	11	2	Acts 11:2	carried	book-carried	ddc-1-29:la:{¶11}:9			Acts 11:2		
ddc-1-29	la	la	{¶11}	11	BOOK CH V	Eph. ii. 20.	Eph	2	20	Eph 2:20	high	book-named				Eph 2:20		
ddc-1-29	la	la	{¶11}	12	BOOK CH V	Apoc. xxi. 14.	Rev	21	14	Rev 21:14	high	book-named				Rev 21:14		
ddc-1-29	la	la	{¶11}	13	BOOK CH V-LIST	Matt. xvi. 18, 19.	Matt	16	18,19	Matt 16:18,19	high	book-named				Matt 16:18,19		
ddc-1-29	la	la	{¶11}	14	BOOK CH V	1 Cor. x. 4.	1Cor	10	4	1Cor 10:4	high	book-named				1Cor 10:4		
ddc-1-29	la	la	{¶11}	15	— CH V	cap. iii. 11.	1Cor	3	11	1Cor 3:11	carried	book-carried	ddc-1-29:la:{¶11}:14			1Cor 3:11		
ddc-1-29	la	la	{¶11}	16	BOOK V (single-chapter book)	Judæ 10	Jude	1	10	Jude 1:10	high	book-named		d5	suspect	Jude 1:10	unchecked	no J–T division read for this chapter
ddc-1-29	la	la	{¶11}	17	BOOK CH V	Eph. ii. 20.	Eph	2	20	Eph 2:20	high	book-named				Eph 2:20		
ddc-1-29	la	la	{¶11}	18	BOOK CH V-LIST	Matt. xviii. 18, 19.	Matt	18	18,19	Matt 18:18,19	high	book-named				Matt 18:18,19		
ddc-1-29	la	la	{¶11}	19	BOOK CH V	Joan. xx. 23.	John	20	23	John 20:23	high	book-named				John 20:23		
ddc-1-29	la	la	{¶11}	20	BOOK CH V+&c	Joan. xxi. 15, &c.	John	21	15	John 21:15 &c.	high	book-named				John 21:15 &c.		
ddc-1-29	la	la	{¶11}	21	BOOK CH V	Matt. xxvi. 33.	Matt	26	33	Matt 26:33	high	book-named				Matt 26:33		
ddc-1-29	la	la	{¶11}	22	BOOK CH V	Luc. xxii. 32.	Luke	22	32	Luke 22:32	high	book-named				Luke 22:32		
ddc-1-29	la	la	{¶11}	23	BOOK CH V	Matt. xxviii. 19.	Matt	28	19	Matt 28:19	high	book-named				Matt 28:19		
ddc-1-29	la	la	{¶15}	0	BOOK CH V	Joan. iv. 21.	John	4	21	John 4:21	high	book-named				John 4:21		
ddc-1-29	la	la	{¶15}	1	BOOK CH V	1 Cor. i. 2.	1Cor	1	2	1Cor 1:2	high	book-named				1Cor 1:2		
ddc-1-29	la	la	{¶16}	0	BOOK CH V	Heb. x. 25.	Heb	10	25	Heb 10:25	high	book-named				Heb 10:25		
ddc-1-29	la	la	{¶16}	1	BOOK CH V-LIST	1 Reg. xix. 10, 14.	1Kgs	19	10,14	1Kgs 19:10,14	high	book-named				1Kgs 19:10,14		
ddc-1-29	la	la	{¶16}	2	— — V	et v. 18.	1Kgs	19	18	1Kgs 19:18	cross-layer	et-v-settled-by-english-layer	ddc-1-29:la:{¶16}:1			1Kgs 19:18		
ddc-1-29	la	la	{¶16}	3	BOOK CH V	Joan. iv. 23.	John	4	23	John 4:23	high	book-named				John 4:23		
ddc-1-29	la	la	{¶16}	4	BOOK CH V	1 Cor. i. 2.	1Cor	1	2	1Cor 1:2	high	book-named				1Cor 1:2		
ddc-1-29	la	la	{¶16}	5	BOOK CH V	2 Cor. i. 1.	2Cor	1	1	2Cor 1:1	high	book-named				2Cor 1:1		
ddc-1-29	la	la	{¶17}	0	BOOK CH V	1 Cor. iii. 9.	1Cor	3	9	1Cor 3:9	high	book-named				1Cor 3:9		
ddc-1-29	la	la	{¶17}	1	BOOK CH V	2 Cor. iv. 5.	2Cor	4	5	2Cor 4:5	high	book-named				2Cor 4:5		
ddc-1-29	la	la	{¶17}	2	BOOK CH V+&c	Matt. xx. 25, &c.	Matt	20	25	Matt 20:25 &c.	high	book-named		d7	plausible	Matt 20:25,26,27,28	unchecked	no J–T division read for this chapter
ddc-1-29	la	la	{¶17}	3	BOOK CH V	Rom. x. 14.	Rom	10	14	Rom 10:14	high	book-named				Rom 10:14		
ddc-1-29	la	la	{¶19}	0	BOOK CH V	Jer. xxiii. 21.	Jer	23	21	Jer 23:21	high	book-named				Jer 23:21		
ddc-1-29	la	la	{¶19}	1	BOOK CH V-LIST	Matt. xxviii. 19, 20.	Matt	28	19,20	Matt 28:19,20	high	book-named				Matt 28:19,20		
ddc-1-29	la	la	{¶19}	2	BOOK CH V	Rom. x. 15.	Rom	10	15	Rom 10:15	high	book-named				Rom 10:15		
ddc-1-29	la	la	{¶19}	3	BOOK CH V	1 Cor. ii. 1.	1Cor	2	1	1Cor 2:1	high	book-named				1Cor 2:1		
ddc-1-29	la	la	{¶19}	4	— — V	et v. 4.	1Cor	2	4	1Cor 2:4	cross-layer	et-v-settled-by-english-layer	ddc-1-29:la:{¶19}:3			1Cor 2:4		
ddc-1-29	la	la	{¶19}	5	— — V	et v. 13.	1Cor	2	13	1Cor 2:13	cross-layer	et-v-settled-by-english-layer	ddc-1-29:la:{¶19}:4			1Cor 2:13		
ddc-1-29	la	la	{¶19}	6	BOOK CH V	1 Tim. iv. 6.	1Tim	4	6	1Tim 4:6	high	book-named				1Tim 4:6		
ddc-1-29	la	la	{¶20}	0	BOOK CH V	1 Cor. xii. 28.	1Cor	12	28	1Cor 12:28	high	book-named				1Cor 12:28		
ddc-1-29	la	la	{¶20}	1	BOOK CH V-LIST	Act. xx. 20, 21.	Acts	20	20,21	Acts 20:20,21	high	book-named				Acts 20:20,21		
ddc-1-29	la	la	{¶20}	2	BOOK CH V	2 Tim. iv. 2.	2Tim	4	2	2Tim 4:2	high	book-named				2Tim 4:2		
ddc-1-29	la	la	{¶20}	3	BOOK CH V	2 Pet. i. 12.	2Pet	1	12	2Pet 1:12	high	book-named				2Pet 1:12		
ddc-1-29	la	la	{¶21}	0	BOOK CH V	1 Cor. iii. 7.	1Cor	3	7	1Cor 3:7	high	book-named				1Cor 3:7		
ddc-1-29	la	la	{¶22}	0	BOOK CH V	Isa. xlix. 4.	Isa	49	4	Isa 49:4	high	book-named				Isa 49:4		
ddc-1-29	la	la	{¶22}	1	BOOK CH V	Dan. xii. 3.	Dan	12	3	Dan 12:3	high	book-named				Dan 12:3		
ddc-1-29	la	la	{¶23}	0	BOOK CH V	1 Cor. xii. 28	1Cor	12	28	1Cor 12:28	high	book-named				1Cor 12:28		
ddc-1-29	la	la	{¶23}	1	BOOK CH V-LIST	Eph. iv. 11, 12, 13.	Eph	4	11,12,13	Eph 4:11,12,13	high	book-named		d8	plausible	Eph 4:11,12,13		
ddc-1-29	la	la	{¶23}	2	BOOK CH V-LIST	Rom. xii. 7, 8.	Rom	12	7,8	Rom 12:7,8	high	book-named				Rom 12:7,8		
ddc-1-29	la	la	{¶25}	0	BOOK CH V	1 Cor. iv. 1.	1Cor	4	1	1Cor 4:1	high	book-named				1Cor 4:1		
ddc-1-29	la	la	{¶25}	1	BOOK CH V	Gal. i. 1.	Gal	1	1	Gal 1:1	high	book-named				Gal 1:1		
ddc-1-29	la	la	{¶25}	2	— — V	et v. 17.	Gal	1	17	Gal 1:17	cross-layer	et-v-settled-by-english-layer	ddc-1-29:la:{¶25}:1			Gal 1:17		
ddc-1-29	la	la	{¶25}	3	— CH V	cap. ii. 6.	Gal	2	6	Gal 2:6	carried	book-carried	ddc-1-29:la:{¶25}:2			Gal 2:6		
ddc-1-29	la	la	{¶25}	4	BOOK CH V	Act. xiii. 2.	Acts	13	2	Acts 13:2	high	book-named				Acts 13:2		
ddc-1-29	la	la	{¶25}	5	BOOK CH V	2 Tim. iv. 5.	2Tim	4	5	2Tim 4:5	high	book-named				2Tim 4:5		
ddc-1-29	la	la	{¶27}	0	BOOK CH V	Exod. xviii. 12.	Exod	18	12	Exod 18:12	high	book-named				Exod 18:12		
ddc-1-29	la	la	{¶27}	1	— CH V	et xix. 22.	Exod	19	22	Exod 19:22	carried	book-carried	ddc-1-29:la:{¶27}:0			Exod 19:22		
ddc-1-29	la	la	{¶27}	2	— CH V	et xxiv. 5.	Exod	24	5	Exod 24:5	carried	book-carried	ddc-1-29:la:{¶27}:1			Exod 24:5		
ddc-1-29	la	la	{¶28}	0	BOOK CH V	Act. xiii. 15.	Acts	13	15	Acts 13:15	high	book-named				Acts 13:15		
ddc-1-29	la	la	{¶28}	1	BOOK CH V-LIST	Marc. ix. 38, 39.	Mark	9	38,39	Mark 9:38,39	high	book-named				Mark 9:38,39		
ddc-1-29	la	la	{¶28}	2	BOOK CH V	Act. viii. 4.	Acts	8	4	Acts 8:4	high	book-named				Acts 8:4		
ddc-1-29	la	la	{¶28}	3	— CH V+&c	et xi. 19, &c.	Acts	11	19	Acts 11:19 &c.	carried	book-carried	ddc-1-29:la:{¶28}:2			Acts 11:19 &c.		
ddc-1-29	la	la	{¶28}	4	— CH V-LIST	cap. xviii. 24, 25.	Acts	18	24,25	Acts 18:24,25	carried	book-carried	ddc-1-29:la:{¶28}:3			Acts 18:24,25		
ddc-1-29	la	la	{¶28}	5	BOOK CH V	2 Tim. ii. 2.	2Tim	2	2	2Tim 2:2	high	book-named				2Tim 2:2		
ddc-1-29	la	la	{¶28}	6	BOOK CH V	Exod. xix. 6.	Exod	19	6	Exod 19:6	high	book-named				Exod 19:6		
ddc-1-29	la	la	{¶28}	7	BOOK CH V	Isa. lxi. 6.	Isa	61	6	Isa 61:6	high	book-named				Isa 61:6		
ddc-1-29	la	la	{¶28}	8	BOOK CH V	1 Pet. ii. 9.	1Pet	2	9	1Pet 2:9	high	book-named				1Pet 2:9		
ddc-1-29	la	la	{¶28}	9	BOOK CH V	Apoc. i. 6.	Rev	1	6	Rev 1:6	high	book-named				Rev 1:6		
ddc-1-29	la	la	{¶28}	10	BOOK CH V-LIST	1 Pet. v. 2, 3.	1Pet	5	2,3	1Pet 5:2,3	high	book-named		d9	plausible	1Pet 5:3	unchecked	no J–T division read for this chapter
ddc-1-29	la	la	{¶28}	11	BOOK CH V	Gen. xx. 7.	Gen	20	7	Gen 20:7	high	book-named				Gen 20:7		
ddc-1-29	la	la	{¶28}	12	BOOK CH V	Exod. xv. 20.	Exod	15	20	Exod 15:20	high	book-named				Exod 15:20		
ddc-1-29	la	la	{¶28}	13	BOOK CH V	Judic. iv. 4.	Judg	4	4	Judg 4:4	high	book-named				Judg 4:4		
ddc-1-29	la	la	{¶28}	14	BOOK CH V	Psal. cv. 15.	Ps	105	15	Ps 105:15	high	book-named				Ps 105:15		
ddc-1-29	la	la	{¶28}	15	BOOK CH V	1 Cor. xiv. 1.	1Cor	14	1	1Cor 14:1	high	book-named				1Cor 14:1		
ddc-1-29	la	la	{¶28}	16	— — V	v. 3	1Cor	14	3	1Cor 14:3	carried	book-and-chapter-carried	ddc-1-29:la:{¶28}:15			1Cor 14:3		
ddc-1-29	la	la	{¶28}	17	BOOK CH V+&c	1 Cor. iii. 8, &c.	1Cor	3	8	1Cor 3:8 &c.	high	book-named				1Cor 3:8 &c.		
ddc-1-29	la	la	{¶28}	18	BOOK CH V-LIST	1 Pet. iv. 10, 11.	1Pet	4	10,11	1Pet 4:10,11	high	book-named				1Pet 4:10,11		
ddc-1-29	la	la	{¶29}	0	BOOK CH V	Joan. iv. 2.	John	4	2	John 4:2	high	book-named				John 4:2		
ddc-1-29	la	la	{¶29}	1	BOOK CH V	1 Cor. i. 17.	1Cor	1	17	1Cor 1:17	high	book-named				1Cor 1:17		
ddc-1-29	la	la	{¶29}	2	BOOK CH V-LIST	Act. ix. 10, 18.	Acts	9	10,18	Acts 9:10,18	high	book-named				Acts 9:10,18		
ddc-1-29	la	la	{¶29}	3	— CH V	cap. x. 48.	Acts	10	48	Acts 10:48	carried	book-carried	ddc-1-29:la:{¶29}:2			Acts 10:48		
ddc-1-29	la	la	{¶29}	4	— — V-LIST	v. 23, 45.	Acts	10	23,45	Acts 10:23,45	carried	book-and-chapter-carried	ddc-1-29:la:{¶29}:3	d11	suspect	Acts 10:23,45	unchecked	no J–T division read for this chapter
ddc-1-29	la	la	{¶32}	0	BOOK CH V-LIST	Matt. xxviii. 19, 20.	Matt	28	19,20	Matt 28:19,20	high	book-named				Matt 28:19,20		
ddc-1-29	la	la	{¶32}	1	BOOK CH V	Rom. i. 14.	Rom	1	14	Rom 1:14	high	book-named				Rom 1:14		
ddc-1-29	en-sumner	en-sumner	{¶2}	0	BOOK CH V	Matt. iii. 12.	Matt	3	12	Matt 3:12	high	book-named				Matt 3:12		
ddc-1-29	en-sumner	en-sumner	{¶2}	1	— CH V-LIST	xiii. 24, 25.	Matt	13	24,25	Matt 13:24,25	carried	book-carried	ddc-1-29:en-sumner:{¶2}:0			Matt 13:24,25		
ddc-1-29	en-sumner	en-sumner	{¶2}	2	— — V	v. 47	Matt	13	47	Matt 13:47	carried	book-and-chapter-carried	ddc-1-29:en-sumner:{¶2}:1			Matt 13:47		
ddc-1-29	en-sumner	en-sumner	{¶2}	3	— CH V-LIST	xxii. 9, 10.	Matt	22	9,10	Matt 22:9,10	carried	book-carried	ddc-1-29:en-sumner:{¶2}:2			Matt 22:9,10		
ddc-1-29	en-sumner	en-sumner	{¶2}	4	— CH V-LIST	xxv. 1, 2.	Matt	25	1,2	Matt 25:1,2	carried	book-carried	ddc-1-29:en-sumner:{¶2}:3			Matt 25:1,2		
ddc-1-29	en-sumner	en-sumner	{¶2}	5	BOOK CH V	1 John ii. 19.	1John	2	19	1John 2:19	high	book-named				1John 2:19		
ddc-1-29	en-sumner	en-sumner	{¶3}	0	BOOK CH V-LIST	Matt. xxviii. 19, 20.	Matt	28	19,20	Matt 28:19,20	high	book-named				Matt 28:19,20		
ddc-1-29	en-sumner	en-sumner	{¶3}	1	BOOK CH V	Acts ii. 42.	Acts	2	42	Acts 2:42	high	book-named				Acts 2:42		
ddc-1-29	en-sumner	en-sumner	{¶3}	2	BOOK CH V	1 Tim. iii. 15.	1Tim	3	15	1Tim 3:15	high	book-named				1Tim 3:15		
ddc-1-29	en-sumner	en-sumner	{¶3}	3	BOOK CH V	Rom. ix. 4.	Rom	9	4	Rom 9:4	high	book-named				Rom 9:4		
ddc-1-29	en-sumner	en-sumner	{¶3}	4	BOOK CH V	Eph. ii. 12.	Eph	2	12	Eph 2:12	high	book-named				Eph 2:12		
ddc-1-29	en-sumner	en-sumner	{¶4}	0	BOOK CH V-LIST	Mark xvi. 17, 18.	Mark	16	17,18	Mark 16:17,18	high	book-named		d1	plausible	Mark 16:17,18	unchecked	no J–T division read for this chapter
ddc-1-29	en-sumner	en-sumner	{¶4}	1	BOOK CH V	Deut. xxxi. 13.	Deut	31	13	Deut 31:13	high	book-named				Deut 31:13		
ddc-1-29	en-sumner	en-sumner	{¶4}	2	BOOK CH V	1 Cor. xiv. 22.	1Cor	14	22	1Cor 14:22	high	book-named				1Cor 14:22		
ddc-1-29	en-sumner	en-sumner	{¶4}	3	BOOK CH V	1 Cor. xiii. 8.	1Cor	13	8	1Cor 13:8	high	book-named				1Cor 13:8		
ddc-1-29	en-sumner	en-sumner	{¶4}	4	BOOK CH V-RANGE	Deut. xiii. 1—3.	Deut	13	1,2,3	Deut 13:1,2,3	high	book-named		d2	plausible	Deut 13:1,2,3		
ddc-1-29	en-sumner	en-sumner	{¶4}	5	BOOK CH V-LIST	Matt. vii. 22, 23.	Matt	7	22,23	Matt 7:22,23	high	book-named				Matt 7:22,23		
ddc-1-29	en-sumner	en-sumner	{¶4}	6	— CH V	xxiv. 24.	Matt	24	24	Matt 24:24	carried	book-carried	ddc-1-29:en-sumner:{¶4}:5			Matt 24:24		
ddc-1-29	en-sumner	en-sumner	{¶4}	7	BOOK CH V	Gal. i. 8.	Gal	1	8	Gal 1:8	high	book-named				Gal 1:8		
ddc-1-29	en-sumner	en-sumner	{¶4}	8	BOOK CH V	2 Thess. ii. 9.	2Thess	2	9	2Thess 2:9	high	book-named				2Thess 2:9		
ddc-1-29	en-sumner	en-sumner	{¶4}	9	BOOK CH V	Rev. xiii. 13.	Rev	13	13	Rev 13:13	high	book-named				Rev 13:13		
ddc-1-29	en-sumner	en-sumner	{¶5}	0	BOOK CH V	John x. 41.	John	10	41	John 10:41	high	book-named				John 10:41		
ddc-1-29	en-sumner	en-sumner	{¶5}	1	BOOK CH V	Matt. xvii. 16.	Matt	17	16	Matt 17:16	high	book-named				Matt 17:16		
ddc-1-29	en-sumner	en-sumner	{¶5}	2	BOOK CH V	2 Tim. iv. 20.	2Tim	4	20	2Tim 4:20	high	book-named				2Tim 4:20		
ddc-1-29	en-sumner	en-sumner	{¶6–7}	0	BOOK CH V-RANGE	Deut. xxix. 2—4.	Deut	29	2,3,4	Deut 29:2,3,4	high	book-named		d3	plausible	Deut 29:2,3,4		
ddc-1-29	en-sumner	en-sumner	{¶6–7}	1	BOOK CH V	Psal. lxxviii. 11.	Ps	78	11	Ps 78:11	high	book-named		d4	plausible	Ps 78:11	open-end	same verse; one layer prints Milton's open `&c.` and the other does not
ddc-1-29	en-sumner	en-sumner	{¶6–7}	2	— — V	v. 32	Ps	78	32	Ps 78:32	carried	book-and-chapter-carried	ddc-1-29:en-sumner:{¶6–7}:1			Ps 78:32		
ddc-1-29	en-sumner	en-sumner	{¶6–7}	3	BOOK CH V	Luke xvi. 31.	Luke	16	31	Luke 16:31	high	book-named				Luke 16:31		
ddc-1-29	en-sumner	en-sumner	{¶6–7}	4	BOOK CH V-LIST	Acts iv. 16, 17.	Acts	4	16,17	Acts 4:16,17	high	book-named				Acts 4:16,17		
ddc-1-29	en-sumner	en-sumner	{¶6–7}	5	BOOK CH V	John xx. 29.	John	20	29	John 20:29	high	book-named				John 20:29		
ddc-1-29	en-sumner	en-sumner	{¶6–7}	6	BOOK CH V+&c	Matt. xii. 39, &c.	Matt	12	39	Matt 12:39 &c.	high	book-named				Matt 12:39 &c.		
ddc-1-29	en-sumner	en-sumner	{¶6–7}	7	BOOK CH V	Luke x. 20.	Luke	10	20	Luke 10:20	high	book-named				Luke 10:20		
ddc-1-29	en-sumner	en-sumner	{¶8}	0	BOOK CH V	John xiii. 35.	John	13	35	John 13:35	high	book-named				John 13:35		
ddc-1-29	en-sumner	en-sumner	{¶8}	1	BOOK CH V	1 Cor. xii. 31.	1Cor	12	31	1Cor 12:31	high	book-named				1Cor 12:31		
ddc-1-29	en-sumner	en-sumner	{¶8}	2	— CH V+&c	xiii. 1, &c.	1Cor	13	1	1Cor 13:1 &c.	carried	book-carried	ddc-1-29:en-sumner:{¶8}:1			1Cor 13:1 &c.		
ddc-1-29	en-sumner	en-sumner	{¶8}	3	— — V	v. 8	1Cor	13	8	1Cor 13:8	carried	book-and-chapter-carried	ddc-1-29:en-sumner:{¶8}:2			1Cor 13:8		
ddc-1-29	en-sumner	en-sumner	{¶8}	4	— — V	v. 13	1Cor	13	13	1Cor 13:13	carried	book-and-chapter-carried	ddc-1-29:en-sumner:{¶8}:3			1Cor 13:13		
ddc-1-29	en-sumner	en-sumner	{¶9–11}	0	BOOK CH V	Matt. xviii. 20.	Matt	18	20	Matt 18:20	high	book-named				Matt 18:20		
ddc-1-29	en-sumner	en-sumner	{¶9–11}	1	— CH V	xxviii. 20.	Matt	28	20	Matt 28:20	carried	book-carried	ddc-1-29:en-sumner:{¶9–11}:0			Matt 28:20		
ddc-1-29	en-sumner	en-sumner	{¶9–11}	2	BOOK CH V	1 Cor. v. 4.	1Cor	5	4	1Cor 5:4	high	book-named				1Cor 5:4		
ddc-1-29	en-sumner	en-sumner	{¶9–11}	3	BOOK CH V	Heb. iii. 6.	Heb	3	6	Heb 3:6	high	book-named				Heb 3:6		
ddc-1-29	en-sumner	en-sumner	{¶9–11}	4	BOOK CH V	Rev. ii. 1.	Rev	2	1	Rev 2:1	high	book-named				Rev 2:1		
ddc-1-29	en-sumner	en-sumner	{¶9–11}	5	BOOK CH V	Matt. x. 1.	Matt	10	1	Matt 10:1	high	book-named				Matt 10:1		
ddc-1-29	en-sumner	en-sumner	{¶9–11}	6	BOOK CH V-LIST	John xx. 21, 22.	John	20	21,22	John 20:21,22	high	book-named				John 20:21,22		
ddc-1-29	en-sumner	en-sumner	{¶9–11}	7	BOOK CH V-LIST	Acts xv. 2, 6, 7, 19, 23, 25.	Acts	15	2,6,7,19,23,25	Acts 15:2,6,7,19,23,25	high	book-named				Acts 15:2,6,7,19,23,25		
ddc-1-29	en-sumner	en-sumner	{¶9–11}	8	BOOK CH V	Gal. ii. 11.	Gal	2	11	Gal 2:11	high	book-named				Gal 2:11		
ddc-1-29	en-sumner	en-sumner	{¶9–11}	9	BOOK CH V	1 Pet. v. 1.	1Pet	5	1	1Pet 5:1	high	book-named				1Pet 5:1		
ddc-1-29	en-sumner	en-sumner	{¶9–11}	10	BOOK CH V	Matt. xix. 28.	Matt	19	28	Matt 19:28	high	book-named				Matt 19:28		
ddc-1-29	en-sumner	en-sumner	{¶9–11}	11	BOOK CH V	Gal. ii. 9.	Gal	2	9	Gal 2:9	high	book-named				Gal 2:9		
ddc-1-29	en-sumner	en-sumner	{¶9–11}	12	— — V-LIST	v. 8, 9.	Gal	2	8,9	Gal 2:8,9	carried	book-and-chapter-carried	ddc-1-29:en-sumner:{¶9–11}:11			Gal 2:8,9		
ddc-1-29	en-sumner	en-sumner	{¶9–11}	13	BOOK CH V	2 Cor. xi. 5.	2Cor	11	5	2Cor 11:5	high	book-named				2Cor 11:5		
ddc-1-29	en-sumner	en-sumner	{¶9–11}	14	BOOK CH V	Acts viii. 14.	Acts	8	14	Acts 8:14	high	book-named				Acts 8:14		
ddc-1-29	en-sumner	en-sumner	{¶9–11}	15	— CH V	xi. 2.	Acts	11	2	Acts 11:2	carried	book-carried	ddc-1-29:en-sumner:{¶9–11}:14			Acts 11:2		
ddc-1-29	en-sumner	en-sumner	{¶9–11}	16	BOOK CH V	Eph. ii. 20.	Eph	2	20	Eph 2:20	high	book-named				Eph 2:20		
ddc-1-29	en-sumner	en-sumner	{¶9–11}	17	BOOK CH V	Rev. xxi. 14.	Rev	21	14	Rev 21:14	high	book-named				Rev 21:14		
ddc-1-29	en-sumner	en-sumner	{¶9–11}	18	BOOK CH V-LIST	Matt. xvi. 18, 19.	Matt	16	18,19	Matt 16:18,19	high	book-named				Matt 16:18,19		
ddc-1-29	en-sumner	en-sumner	{¶9–11}	19	BOOK CH V	1 Cor. x. 4.	1Cor	10	4	1Cor 10:4	high	book-named				1Cor 10:4		
ddc-1-29	en-sumner	en-sumner	{¶9–11}	20	— CH V	iii. 11.	1Cor	3	11	1Cor 3:11	carried	book-carried	ddc-1-29:en-sumner:{¶9–11}:19			1Cor 3:11		
ddc-1-29	en-sumner	en-sumner	{¶9–11}	21	BOOK V (single-chapter book)	Jude 20	Jude	1	20	Jude 1:20	high	book-named		d5	suspect	Jude 1:20	unchecked	no J–T division read for this chapter
ddc-1-29	en-sumner	en-sumner	{¶9–11}	22	BOOK CH V	Eph. ii. 20.	Eph	2	20	Eph 2:20	high	book-named				Eph 2:20		
ddc-1-29	en-sumner	en-sumner	{¶9–11}	23	BOOK CH V-LIST	Matt. xviii. 18, 19.	Matt	18	18,19	Matt 18:18,19	high	book-named				Matt 18:18,19		
ddc-1-29	en-sumner	en-sumner	{¶9–11}	24	BOOK CH V	John xx. 23.	John	20	23	John 20:23	high	book-named				John 20:23		
ddc-1-29	en-sumner	en-sumner	{¶9–11}	25	— CH V+&c	xxi. 15, &c.	John	21	15	John 21:15 &c.	carried	book-carried	ddc-1-29:en-sumner:{¶9–11}:24			John 21:15 &c.		
ddc-1-29	en-sumner	en-sumner	{¶9–11}	26	BOOK CH V	Luke xxii. 32.	Luke	22	32	Luke 22:32	high	book-named				Luke 22:32		
ddc-1-29	en-sumner	en-sumner	{¶9–11}	27	BOOK CH V	Matt. xxviii. 19.	Matt	28	19	Matt 28:19	high	book-named				Matt 28:19		
ddc-1-29	en-sumner	en-sumner	{¶15}	0	BOOK CH V	John iv. 21.	John	4	21	John 4:21	high	book-named				John 4:21		
ddc-1-29	en-sumner	en-sumner	{¶15}	1	BOOK CH V	1 Cor. i. 2.	1Cor	1	2	1Cor 1:2	high	book-named				1Cor 1:2		
ddc-1-29	en-sumner	en-sumner	{¶16}	0	BOOK CH V	Heb. x. 25.	Heb	10	25	Heb 10:25	high	book-named				Heb 10:25		
ddc-1-29	en-sumner	en-sumner	{¶16}	1	BOOK CH V-LIST	1 Kings xix. 10, 14.	1Kgs	19	10,14	1Kgs 19:10,14	high	book-named				1Kgs 19:10,14		
ddc-1-29	en-sumner	en-sumner	{¶16}	2	— — V	v. 18	1Kgs	19	18	1Kgs 19:18	carried	book-and-chapter-carried	ddc-1-29:en-sumner:{¶16}:1			1Kgs 19:18		
ddc-1-29	en-sumner	en-sumner	{¶16}	3	BOOK CH V	John iv. 23.	John	4	23	John 4:23	high	book-named				John 4:23		
ddc-1-29	en-sumner	en-sumner	{¶16}	4	BOOK CH V	1 Cor. i. 2.	1Cor	1	2	1Cor 1:2	high	book-named				1Cor 1:2		
ddc-1-29	en-sumner	en-sumner	{¶16}	5	BOOK CH V	2 Cor. i. 1.	2Cor	1	1	2Cor 1:1	high	book-named				2Cor 1:1		
ddc-1-29	en-sumner	en-sumner	{¶17}	0	BOOK CH V	1 Cor. iii. 9.	1Cor	3	9	1Cor 3:9	high	book-named				1Cor 3:9		
ddc-1-29	en-sumner	en-sumner	{¶17}	1	BOOK CH V	2 Cor. iv. 5.	2Cor	4	5	2Cor 4:5	high	book-named				2Cor 4:5		
ddc-1-29	en-sumner	en-sumner	{¶17}	2	BOOK CH V-RANGE	Matt. xx. 25—28.	Matt	20	25,26,27,28	Matt 20:25,26,27,28	high	book-named		d7	plausible	Matt 20:25,26,27,28	unchecked	no J–T division read for this chapter
ddc-1-29	en-sumner	en-sumner	{¶17}	3	BOOK CH V	Rom. x. 14.	Rom	10	14	Rom 10:14	high	book-named				Rom 10:14		
ddc-1-29	en-sumner	en-sumner	{¶19}	0	BOOK CH V	Jer. xxiii. 21.	Jer	23	21	Jer 23:21	high	book-named				Jer 23:21		
ddc-1-29	en-sumner	en-sumner	{¶19}	1	BOOK CH V-LIST	Matt. xxviii. 19, 20.	Matt	28	19,20	Matt 28:19,20	high	book-named				Matt 28:19,20		
ddc-1-29	en-sumner	en-sumner	{¶19}	2	BOOK CH V	Rom. x. 15.	Rom	10	15	Rom 10:15	high	book-named				Rom 10:15		
ddc-1-29	en-sumner	en-sumner	{¶19}	3	BOOK CH V	1 Cor. ii. 1.	1Cor	2	1	1Cor 2:1	high	book-named				1Cor 2:1		
ddc-1-29	en-sumner	en-sumner	{¶19}	4	— — V	v. 4	1Cor	2	4	1Cor 2:4	carried	book-and-chapter-carried	ddc-1-29:en-sumner:{¶19}:3			1Cor 2:4		
ddc-1-29	en-sumner	en-sumner	{¶19}	5	— — V	v. 13	1Cor	2	13	1Cor 2:13	carried	book-and-chapter-carried	ddc-1-29:en-sumner:{¶19}:4			1Cor 2:13		
ddc-1-29	en-sumner	en-sumner	{¶19}	6	BOOK CH V	1 Tim. iv. 6.	1Tim	4	6	1Tim 4:6	high	book-named				1Tim 4:6		
ddc-1-29	en-sumner	en-sumner	{¶20}	0	BOOK CH V	1 Cor. xii. 28.	1Cor	12	28	1Cor 12:28	high	book-named				1Cor 12:28		
ddc-1-29	en-sumner	en-sumner	{¶20}	1	BOOK CH V-LIST	Acts xx. 20, 21.	Acts	20	20,21	Acts 20:20,21	high	book-named				Acts 20:20,21		
ddc-1-29	en-sumner	en-sumner	{¶20}	2	BOOK CH V	2 Tim. iv. 2.	2Tim	4	2	2Tim 4:2	high	book-named				2Tim 4:2		
ddc-1-29	en-sumner	en-sumner	{¶20}	3	BOOK CH V	2 Pet. i. 12.	2Pet	1	12	2Pet 1:12	high	book-named				2Pet 1:12		
ddc-1-29	en-sumner	en-sumner	{¶21–22}	0	BOOK CH V	1 Cor. iii. 7.	1Cor	3	7	1Cor 3:7	high	book-named				1Cor 3:7		
ddc-1-29	en-sumner	en-sumner	{¶21–22}	1	BOOK CH V	Isai. xlix. 4.	Isa	49	4	Isa 49:4	high	book-named				Isa 49:4		
ddc-1-29	en-sumner	en-sumner	{¶21–22}	2	BOOK CH V	Dan. xii. 3.	Dan	12	3	Dan 12:3	high	book-named				Dan 12:3		
ddc-1-29	en-sumner	en-sumner	{¶23}	0	BOOK CH V	1 Cor. xii. 28.	1Cor	12	28	1Cor 12:28	high	book-named				1Cor 12:28		
ddc-1-29	en-sumner	en-sumner	{¶23}	1	BOOK CH V-RANGE	Eph. iv. 11—13.	Eph	4	11,12,13	Eph 4:11,12,13	high	book-named		d8	plausible	Eph 4:11,12,13		
ddc-1-29	en-sumner	en-sumner	{¶23}	2	BOOK CH V-LIST	Rom. xii. 7, 8.	Rom	12	7,8	Rom 12:7,8	high	book-named				Rom 12:7,8		
ddc-1-29	en-sumner	en-sumner	{¶24–25}	0	BOOK CH V	1 Cor. iv. 1.	1Cor	4	1	1Cor 4:1	high	book-named				1Cor 4:1		
ddc-1-29	en-sumner	en-sumner	{¶24–25}	1	BOOK CH V	Gal. i. 1.	Gal	1	1	Gal 1:1	high	book-named				Gal 1:1		
ddc-1-29	en-sumner	en-sumner	{¶24–25}	2	— — V	v. 17	Gal	1	17	Gal 1:17	carried	book-and-chapter-carried	ddc-1-29:en-sumner:{¶24–25}:1			Gal 1:17		
ddc-1-29	en-sumner	en-sumner	{¶24–25}	3	— CH V	ii. 6.	Gal	2	6	Gal 2:6	carried	book-carried	ddc-1-29:en-sumner:{¶24–25}:2			Gal 2:6		
ddc-1-29	en-sumner	en-sumner	{¶24–25}	4	BOOK CH V	Acts xiii. 2.	Acts	13	2	Acts 13:2	high	book-named				Acts 13:2		
ddc-1-29	en-sumner	en-sumner	{¶24–25}	5	BOOK CH V	2 Tim. iv. 5.	2Tim	4	5	2Tim 4:5	high	book-named				2Tim 4:5		
ddc-1-29	en-sumner	en-sumner	{¶26–28}	0	BOOK CH V	Exod. xviii. 12.	Exod	18	12	Exod 18:12	high	book-named				Exod 18:12		
ddc-1-29	en-sumner	en-sumner	{¶26–28}	1	— CH V	xix. 22.	Exod	19	22	Exod 19:22	carried	book-carried	ddc-1-29:en-sumner:{¶26–28}:0			Exod 19:22		
ddc-1-29	en-sumner	en-sumner	{¶26–28}	2	— CH V	xxiv. 5.	Exod	24	5	Exod 24:5	carried	book-carried	ddc-1-29:en-sumner:{¶26–28}:1			Exod 24:5		
ddc-1-29	en-sumner	en-sumner	{¶26–28}	3	BOOK CH V	Acts xiii. 15.	Acts	13	15	Acts 13:15	high	book-named				Acts 13:15		
ddc-1-29	en-sumner	en-sumner	{¶26–28}	4	BOOK CH V-LIST	Mark ix. 38, 39.	Mark	9	38,39	Mark 9:38,39	high	book-named				Mark 9:38,39		
ddc-1-29	en-sumner	en-sumner	{¶26–28}	5	BOOK CH V	Acts viii. 4.	Acts	8	4	Acts 8:4	high	book-named				Acts 8:4		
ddc-1-29	en-sumner	en-sumner	{¶26–28}	6	— CH V+&c	xi. 19, &c.	Acts	11	19	Acts 11:19 &c.	carried	book-carried	ddc-1-29:en-sumner:{¶26–28}:5			Acts 11:19 &c.		
ddc-1-29	en-sumner	en-sumner	{¶26–28}	7	— CH V-LIST	xviii. 24, 25.	Acts	18	24,25	Acts 18:24,25	carried	book-carried	ddc-1-29:en-sumner:{¶26–28}:6			Acts 18:24,25		
ddc-1-29	en-sumner	en-sumner	{¶26–28}	8	BOOK CH V	2 Tim. ii. 2.	2Tim	2	2	2Tim 2:2	high	book-named				2Tim 2:2		
ddc-1-29	en-sumner	en-sumner	{¶26–28}	9	BOOK CH V	Exod. xix. 6.	Exod	19	6	Exod 19:6	high	book-named				Exod 19:6		
ddc-1-29	en-sumner	en-sumner	{¶26–28}	10	BOOK CH V	Isai. lxi. 6.	Isa	61	6	Isa 61:6	high	book-named				Isa 61:6		
ddc-1-29	en-sumner	en-sumner	{¶26–28}	11	BOOK CH V	1 Pet. ii. 9.	1Pet	2	9	1Pet 2:9	high	book-named				1Pet 2:9		
ddc-1-29	en-sumner	en-sumner	{¶26–28}	12	BOOK CH V	Rev. i. 6.	Rev	1	6	Rev 1:6	high	book-named				Rev 1:6		
ddc-1-29	en-sumner	en-sumner	{¶26–28}	13	BOOK CH V	1 Pet. v. 3.	1Pet	5	3	1Pet 5:3	high	book-named		d9	plausible	1Pet 5:3	unchecked	no J–T division read for this chapter
ddc-1-29	en-sumner	en-sumner	{¶26–28}	14	BOOK CH V	Gen. xx. 7.	Gen	20	7	Gen 20:7	high	book-named				Gen 20:7		
ddc-1-29	en-sumner	en-sumner	{¶26–28}	15	BOOK CH V	Exod. xv. 20.	Exod	15	20	Exod 15:20	high	book-named				Exod 15:20		
ddc-1-29	en-sumner	en-sumner	{¶26–28}	16	BOOK CH V	Judges iv. 4.	Judg	4	4	Judg 4:4	high	book-named				Judg 4:4		
ddc-1-29	en-sumner	en-sumner	{¶26–28}	17	BOOK CH V	Psal. cv. 15.	Ps	105	15	Ps 105:15	high	book-named				Ps 105:15		
ddc-1-29	en-sumner	en-sumner	{¶26–28}	18	BOOK CH V	1 Cor. xiv. 1.	1Cor	14	1	1Cor 14:1	high	book-named				1Cor 14:1		
ddc-1-29	en-sumner	en-sumner	{¶26–28}	19	— — V	v. 3	1Cor	14	3	1Cor 14:3	carried	book-and-chapter-carried	ddc-1-29:en-sumner:{¶26–28}:18			1Cor 14:3		
ddc-1-29	en-sumner	en-sumner	{¶26–28}	20	BOOK CH V+&c	1 Cor. iii. 8, &c.	1Cor	3	8	1Cor 3:8 &c.	high	book-named				1Cor 3:8 &c.		
ddc-1-29	en-sumner	en-sumner	{¶26–28}	21	BOOK CH V-LIST	1 Pet. iv. 10, 11.	1Pet	4	10,11	1Pet 4:10,11	high	book-named				1Pet 4:10,11		
ddc-1-29	en-sumner	en-sumner	{¶29}	0	BOOK CH V	John iv. 2.	John	4	2	John 4:2	high	book-named				John 4:2		
ddc-1-29	en-sumner	en-sumner	{¶29}	1	BOOK CH V	1 Cor. i. 17.	1Cor	1	17	1Cor 1:17	high	book-named				1Cor 1:17		
ddc-1-29	en-sumner	en-sumner	{¶29}	2	BOOK CH V-LIST	Acts ix. 10, 18.	Acts	9	10,18	Acts 9:10,18	high	book-named				Acts 9:10,18		
ddc-1-29	en-sumner	en-sumner	{¶29}	3	— CH V	x. 48.	Acts	10	48	Acts 10:48	carried	book-carried	ddc-1-29:en-sumner:{¶29}:2			Acts 10:48		
ddc-1-29	en-sumner	en-sumner	{¶29}	4	— — V	v. 23	Acts	10	23	Acts 10:23	carried	book-and-chapter-carried	ddc-1-29:en-sumner:{¶29}:3			Acts 10:23		
ddc-1-29	en-sumner	en-sumner	{¶29}	5	— — V	v. 45	Acts	10	45	Acts 10:45	carried	book-and-chapter-carried	ddc-1-29:en-sumner:{¶29}:4	d11	suspect	Acts 10:45	unchecked	no J–T division read for this chapter
ddc-1-29	en-sumner	en-sumner	{¶32}	0	BOOK CH V-LIST	Matt. xxviii. 19, 20.	Matt	28	19,20	Matt 28:19,20	high	book-named				Matt 28:19,20		
ddc-1-29	en-sumner	en-sumner	{¶32}	1	BOOK CH V	Rom. i. 14.	Rom	1	14	Rom 1:14	high	book-named				Rom 1:14		
